timestamp,project_name,run_id,experiment_id,duration,emissions,emissions_rate,cpu_power,gpu_power,ram_power,cpu_energy,gpu_energy,ram_energy,energy_consumed,country_name,country_iso_code,region,cloud_provider,cloud_region,os,python_version,codecarbon_version,cpu_count,cpu_model,gpu_count,gpu_model,longitude,latitude,ram_total_size,tracking_mode,on_cloud,pue
2025-01-06T13:57:10,codecarbon,d2074320-7f9c-47c5-bde5-af5011b7350b,5b0fa12a-3dd7-45bb-9766-cc326314d9f1,10.992378999944776,3.509112877668325e-05,3.1923143094738222e-06,42.5,0.0,5.879536628723145,0.0001297650717318,0,1.7931702010550966e-05,0.0001476967737424,United Kingdom,GBR,scotland,,,Windows-10-10.0.22631-SP0,3.10.11,2.8.2,20,13th Gen Intel(R) Core(TM) i7-13700H,,,-4.2143,55.8309,15.67876434326172,machine,N,1.0
2025-01-06T13:58:48,codecarbon,55e64d62-3d88-4ee1-92f6-b13db81c73fc,5b0fa12a-3dd7-45bb-9766-cc326314d9f1,10.750926999840884,3.431955927354101e-05,3.192241866589638e-06,42.5,0.0,5.879536628723145,0.0001269137856951,0,1.753549130648303e-05,0.0001444492770016,United Kingdom,GBR,scotland,,,Windows-10-10.0.22631-SP0,3.10.11,2.8.2,20,13th Gen Intel(R) Core(TM) i7-13700H,,,-4.2143,55.8309,15.67876434326172,machine,N,1.0
2025-01-06T13:59:21,codecarbon,48611c57-4132-4259-a44b-9c14485e3c4c,5b0fa12a-3dd7-45bb-9766-cc326314d9f1,11.051729699596764,3.5280996636878603e-05,3.1923506632781546e-06,42.5,0.0,5.879536628723145,0.0001304662709706,0,1.802964692487328e-05,0.0001484959178955,United Kingdom,GBR,scotland,,,Windows-10-10.0.22631-SP0,3.10.11,2.8.2,20,13th Gen Intel(R) Core(TM) i7-13700H,,,-4.2143,55.8309,15.67876434326172,machine,N,1.0
2025-01-06T14:00:47,codecarbon,55d995f7-d4e3-4f43-a0ed-b3230678978a,5b0fa12a-3dd7-45bb-9766-cc326314d9f1,40.500556299928576,0.0001290748346026,3.1869891773025747e-06,42.5,0.0,5.879536628723145,0.0004779862469379,0,6.528315780139003e-05,0.0005432694047393,United Kingdom,GBR,scotland,,,Windows-10-10.0.22631-SP0,3.10.11,2.8.2,20,13th Gen Intel(R) Core(TM) i7-13700H,,,-4.2143,55.8309,15.67876434326172,machine,N,1.0
2025-01-06T14:02:08,codecarbon,55d995f7-d4e3-4f43-a0ed-b3230678978a,5b0fa12a-3dd7-45bb-9766-cc326314d9f1,121.91150449961424,0.0003890051326603,3.1908812401010065e-06,42.5,0.0,5.879536628723145,0.0014390808502729,0,0.0001982219400932,0.0016373027903661,United Kingdom,GBR,scotland,,,Windows-10-10.0.22631-SP0,3.10.11,2.8.2,20,13th Gen Intel(R) Core(TM) i7-13700H,,,-4.2143,55.8309,15.67876434326172,machine,N,1.0
2025-01-06T14:03:59,codecarbon,f1aed844-ea76-4df5-9b58-c22301adc0f5,5b0fa12a-3dd7-45bb-9766-cc326314d9f1,11.142350499983875,3.556973300439404e-05,3.192300673403292e-06,42.5,0.0,5.879536628723145,0.0001315351270844,0,1.8176067475911435e-05,0.0001497111945603,United Kingdom,GBR,scotland,,,Windows-10-10.0.22631-SP0,3.10.11,2.8.2,20,13th Gen Intel(R) Core(TM) i7-13700H,,,-4.2143,55.8309,15.67876434326172,machine,N,1.0
2025-01-06T14:04:12,codecarbon,f1aed844-ea76-4df5-9b58-c22301adc0f5,5b0fa12a-3dd7-45bb-9766-cc326314d9f1,24.158932900056243,7.712354462404892e-05,3.1923406941483484e-06,42.5,0.0,5.879536628723145,0.0002851965156247,0,3.941255560345145e-05,0.0003246090712282,United Kingdom,GBR,scotland,,,Windows-10-10.0.22631-SP0,3.10.11,2.8.2,20,13th Gen Intel(R) Core(TM) i7-13700H,,,-4.2143,55.8309,15.67876434326172,machine,N,1.0
2025-01-06T14:05:00,codecarbon,5481a2fc-b774-446d-900c-30a8dc8acff6,5b0fa12a-3dd7-45bb-9766-cc326314d9f1,11.01125629991293,3.514958775867163e-05,3.192150541346456e-06,42.5,0.0,5.879536628723145,0.0001299873160392,0,1.7955508580892505e-05,0.0001479428246201,United Kingdom,GBR,scotland,,,Windows-10-10.0.22631-SP0,3.10.11,2.8.2,20,13th Gen Intel(R) Core(TM) i7-13700H,,,-4.2143,55.8309,15.67876434326172,machine,N,1.0
2025-01-06T14:05:13,codecarbon,5481a2fc-b774-446d-900c-30a8dc8acff6,5b0fa12a-3dd7-45bb-9766-cc326314d9f1,23.74159639980644,7.578900024482418e-05,3.1922453304547826e-06,42.5,0.0,5.879536628723145,0.0002802679240254,0,3.87241178823568e-05,0.0003189920419077,United Kingdom,GBR,scotland,,,Windows-10-10.0.22631-SP0,3.10.11,2.8.2,20,13th Gen Intel(R) Core(TM) i7-13700H,,,-4.2143,55.8309,15.67876434326172,machine,N,1.0
2025-01-06T14:07:40,codecarbon,89684229-725f-4586-a994-b6bdd8378907,5b0fa12a-3dd7-45bb-9766-cc326314d9f1,11.099404599983243,3.5432719804250535e-05,3.1923081535656445e-06,42.5,0.0,5.879536628723145,0.0001310288540983,0,1.81056588810098e-05,0.0001491345129793,United Kingdom,GBR,scotland,,,Windows-10-10.0.22631-SP0,3.10.11,2.8.2,20,13th Gen Intel(R) Core(TM) i7-13700H,,,-4.2143,55.8309,15.67876434326172,machine,N,1.0
2025-01-06T14:07:52,codecarbon,89684229-725f-4586-a994-b6bdd8378907,5b0fa12a-3dd7-45bb-9766-cc326314d9f1,23.68882880033925,7.562275045794659e-05,3.192338088781476e-06,42.5,0.0,5.879536628723145,0.0002796486742393,0,3.864363078296136e-05,0.0003182923050223,United Kingdom,GBR,scotland,,,Windows-10-10.0.22631-SP0,3.10.11,2.8.2,20,13th Gen Intel(R) Core(TM) i7-13700H,,,-4.2143,55.8309,15.67876434326172,machine,N,1.0
2025-01-06T14:10:45,codecarbon,1d517ac9-8a9c-4e66-81c4-4c15808750d5,5b0fa12a-3dd7-45bb-9766-cc326314d9f1,11.002008399926126,3.512261491335054e-05,3.1923821212121936e-06,42.5,0.0,5.879536628723145,0.000129881031806,0,1.7948265481902614e-05,0.0001478292972879,United Kingdom,GBR,scotland,,,Windows-10-10.0.22631-SP0,3.10.11,2.8.2,20,13th Gen Intel(R) Core(TM) i7-13700H,,,-4.2143,55.8309,15.67876434326172,machine,N,1.0
2025-01-06T14:10:58,codecarbon,1d517ac9-8a9c-4e66-81c4-4c15808750d5,5b0fa12a-3dd7-45bb-9766-cc326314d9f1,23.67842150013894,7.559069926847117e-05,3.192387603541377e-06,42.5,0.0,5.879536628723145,0.0002795265906221,0,3.863081257606073e-05,0.0003181574031982,United Kingdom,GBR,scotland,,,Windows-10-10.0.22631-SP0,3.10.11,2.8.2,20,13th Gen Intel(R) Core(TM) i7-13700H,,,-4.2143,55.8309,15.67876434326172,machine,N,1.0
2025-01-06T14:11:12,codecarbon,1d517ac9-8a9c-4e66-81c4-4c15808750d5,5b0fa12a-3dd7-45bb-9766-cc326314d9f1,37.90599390026182,0.0001210109242785,3.192395498108407e-06,42.5,0.0,5.879536628723145,0.0004474841929144,0,6.184462398584684e-05,0.0005093288169002,United Kingdom,GBR,scotland,,,Windows-10-10.0.22631-SP0,3.10.11,2.8.2,20,13th Gen Intel(R) Core(TM) i7-13700H,,,-4.2143,55.8309,15.67876434326172,machine,N,1.0
2025-01-06T14:11:23,codecarbon,1d517ac9-8a9c-4e66-81c4-4c15808750d5,5b0fa12a-3dd7-45bb-9766-cc326314d9f1,48.73276939988136,0.0001555734309965,3.1923782069500568e-06,42.5,0.0,5.879536628723145,0.0005752957863904,0,7.950486093119538e-05,0.0006548006473216,United Kingdom,GBR,scotland,,,Windows-10-10.0.22631-SP0,3.10.11,2.8.2,20,13th Gen Intel(R) Core(TM) i7-13700H,,,-4.2143,55.8309,15.67876434326172,machine,N,1.0
2025-01-06T14:11:35,codecarbon,1d517ac9-8a9c-4e66-81c4-4c15808750d5,5b0fa12a-3dd7-45bb-9766-cc326314d9f1,60.61220310023055,0.0001934960853961,3.192361859478226e-06,42.5,0.0,5.879536628723145,0.0007155305772929,0,9.888459090141058e-05,0.0008144151681943,United Kingdom,GBR,scotland,,,Windows-10-10.0.22631-SP0,3.10.11,2.8.2,20,13th Gen Intel(R) Core(TM) i7-13700H,,,-4.2143,55.8309,15.67876434326172,machine,N,1.0
2025-01-06T14:11:48,codecarbon,1d517ac9-8a9c-4e66-81c4-4c15808750d5,5b0fa12a-3dd7-45bb-9766-cc326314d9f1,73.8838297999464,0.0002358635660669,3.192357065214234e-06,42.5,0.0,5.879536628723145,0.0008722001913928,0,0.0001205375450635,0.0009927377364564,United Kingdom,GBR,scotland,,,Windows-10-10.0.22631-SP0,3.10.11,2.8.2,20,13th Gen Intel(R) Core(TM) i7-13700H,,,-4.2143,55.8309,15.67876434326172,machine,N,1.0
2025-01-06T14:24:07,codecarbon,af43f0a8-d65f-4f73-aad5-845f15b4895d,5b0fa12a-3dd7-45bb-9766-cc326314d9f1,11.076643500011414,3.535884850369009e-05,3.1921988374595294e-06,42.5,0.0,5.879536628723145,0.0001307561988877,0,1.8067393549974485e-05,0.0001488235924377,United Kingdom,GBR,scotland,,,Windows-10-10.0.22631-SP0,3.10.11,2.8.2,20,13th Gen Intel(R) Core(TM) i7-13700H,,,-4.2143,55.8309,15.67876434326172,machine,N,1.0
2025-01-06T14:30:24,codecarbon,c08d3dab-7e35-454f-a84f-c84e3aabf5a4,5b0fa12a-3dd7-45bb-9766-cc326314d9f1,11.34189849998802,3.620771508526032e-05,3.1923857443529905e-06,42.5,0.0,5.879536628723145,0.0001338919220867,0,1.850450655794165e-05,0.0001523964286446,United Kingdom,GBR,scotland,,,Windows-10-10.0.22631-SP0,3.10.11,2.8.2,20,13th Gen Intel(R) Core(TM) i7-13700H,,,-4.2143,55.8309,15.67876434326172,machine,N,1.0
2025-01-06T14:33:19,codecarbon,74595e06-9228-4b93-addf-8bef933515ef,5b0fa12a-3dd7-45bb-9766-cc326314d9f1,11.039393600076435,3.524187943357891e-05,3.1923745733039985e-06,42.5,0.0,5.879536628723145,0.0001303214297907,0,1.8009845788368216e-05,0.0001483312755791,United Kingdom,GBR,scotland,,,Windows-10-10.0.22631-SP0,3.10.11,2.8.2,20,13th Gen Intel(R) Core(TM) i7-13700H,,,-4.2143,55.8309,15.67876434326172,machine,N,1.0
2025-01-06T14:34:21,codecarbon,31addf75-7ab6-4441-b5a7-c5dd0b2e7211,5b0fa12a-3dd7-45bb-9766-cc326314d9f1,11.042735999915749,3.525044902495388e-05,3.1921843486272627e-06,42.5,0.0,5.879536628723145,0.000130357270279,0,1.8010074273723052e-05,0.0001483673445527,United Kingdom,GBR,scotland,,,Windows-10-10.0.22631-SP0,3.10.11,2.8.2,20,13th Gen Intel(R) Core(TM) i7-13700H,,,-4.2143,55.8309,15.67876434326172,machine,N,1.0
2025-01-06T14:34:42,codecarbon,31addf75-7ab6-4441-b5a7-c5dd0b2e7211,5b0fa12a-3dd7-45bb-9766-cc326314d9f1,31.53378750011325,0.0001006693050899,3.1924266975415496e-06,42.5,0.0,5.879536628723145,0.0003722586864566,0,5.145329132833926e-05,0.000423711977785,United Kingdom,GBR,scotland,,,Windows-10-10.0.22631-SP0,3.10.11,2.8.2,20,13th Gen Intel(R) Core(TM) i7-13700H,,,-4.2143,55.8309,15.67876434326172,machine,N,1.0
2025-01-06T14:35:37,codecarbon,772013bb-1e0c-4f6c-989c-f28848dc7d81,5b0fa12a-3dd7-45bb-9766-cc326314d9f1,11.267243499867618,3.5967856456635914e-05,3.192249857479206e-06,42.5,0.0,5.879536628723145,0.0001330056129165,0,1.8381262976823537e-05,0.0001513868758933,United Kingdom,GBR,scotland,,,Windows-10-10.0.22631-SP0,3.10.11,2.8.2,20,13th Gen Intel(R) Core(TM) i7-13700H,,,-4.2143,55.8309,15.67876434326172,machine,N,1.0
2025-01-06T14:35:58,codecarbon,772013bb-1e0c-4f6c-989c-f28848dc7d81,5b0fa12a-3dd7-45bb-9766-cc326314d9f1,31.67708289995789,0.0001011266693264,3.1924236725269392e-06,42.5,0.0,5.879536628723145,0.0003739436804158,0,5.169332014572604e-05,0.0004256370005615,United Kingdom,GBR,scotland,,,Windows-10-10.0.22631-SP0,3.10.11,2.8.2,20,13th Gen Intel(R) Core(TM) i7-13700H,,,-4.2143,55.8309,15.67876434326172,machine,N,1.0
2025-01-06T14:36:20,codecarbon,772013bb-1e0c-4f6c-989c-f28848dc7d81,5b0fa12a-3dd7-45bb-9766-cc326314d9f1,53.90280679985881,0.0001720838988939,3.192484939289678e-06,42.5,0.0,5.879536628723145,0.0006363208127052,0,8.797155307760433e-05,0.0007242923657828,United Kingdom,GBR,scotland,,,Windows-10-10.0.22631-SP0,3.10.11,2.8.2,20,13th Gen Intel(R) Core(TM) i7-13700H,,,-4.2143,55.8309,15.67876434326172,machine,N,1.0
2025-01-06T14:36:38,codecarbon,772013bb-1e0c-4f6c-989c-f28848dc7d81,5b0fa12a-3dd7-45bb-9766-cc326314d9f1,72.47319329995662,0.0002313698702426,3.1924889701640266e-06,42.5,0.0,5.879536628723145,0.0008555459206193,0,0.0001182780789879,0.0009738239996072,United Kingdom,GBR,scotland,,,Windows-10-10.0.22631-SP0,3.10.11,2.8.2,20,13th Gen Intel(R) Core(TM) i7-13700H,,,-4.2143,55.8309,15.67876434326172,machine,N,1.0
2025-01-06T14:36:58,codecarbon,772013bb-1e0c-4f6c-989c-f28848dc7d81,5b0fa12a-3dd7-45bb-9766-cc326314d9f1,92.49492880003528,0.0002952914569091,3.192515100449716e-06,42.5,0.0,5.879536628723145,0.0010919086942989,0,0.0001509580079016,0.0012428667022005,United Kingdom,GBR,scotland,,,Windows-10-10.0.22631-SP0,3.10.11,2.8.2,20,13th Gen Intel(R) Core(TM) i7-13700H,,,-4.2143,55.8309,15.67876434326172,machine,N,1.0
2025-01-06T14:37:20,codecarbon,772013bb-1e0c-4f6c-989c-f28848dc7d81,5b0fa12a-3dd7-45bb-9766-cc326314d9f1,113.72678139992058,0.0003630755680289,3.192524782287034e-06,42.5,0.0,5.879536628723145,0.0013425537854109,0,0.0001856127880793,0.0015281665734902,United Kingdom,GBR,scotland,,,Windows-10-10.0.22631-SP0,3.10.11,2.8.2,20,13th Gen Intel(R) Core(TM) i7-13700H,,,-4.2143,55.8309,15.67876434326172,machine,N,1.0
2025-01-06T14:37:38,codecarbon,772013bb-1e0c-4f6c-989c-f28848dc7d81,5b0fa12a-3dd7-45bb-9766-cc326314d9f1,132.00448490027338,0.0004214279315999,3.1925273744930307e-06,42.5,0.0,5.879536628723145,0.0015583255877029,0,0.0002154431120263,0.0017737686997292,United Kingdom,GBR,scotland,,,Windows-10-10.0.22631-SP0,3.10.11,2.8.2,20,13th Gen Intel(R) Core(TM) i7-13700H,,,-4.2143,55.8309,15.67876434326172,machine,N,1.0
2025-01-06T14:37:58,codecarbon,772013bb-1e0c-4f6c-989c-f28848dc7d81,5b0fa12a-3dd7-45bb-9766-cc326314d9f1,152.18276990018785,0.0004858427971661,3.192495428259088e-06,42.5,0.0,5.879536628723145,0.0017965142794441,0,0.0002483733086434,0.0020448875880876,United Kingdom,GBR,scotland,,,Windows-10-10.0.22631-SP0,3.10.11,2.8.2,20,13th Gen Intel(R) Core(TM) i7-13700H,,,-4.2143,55.8309,15.67876434326172,machine,N,1.0
2025-01-06T14:38:19,codecarbon,772013bb-1e0c-4f6c-989c-f28848dc7d81,5b0fa12a-3dd7-45bb-9766-cc326314d9f1,173.48809120012447,0.0005538670272486,3.192536291206858e-06,42.5,0.0,5.879536628723145,0.0020480480986825,0,0.0002831500091785,0.002331198107861,United Kingdom,GBR,scotland,,,Windows-10-10.0.22631-SP0,3.10.11,2.8.2,20,13th Gen Intel(R) Core(TM) i7-13700H,,,-4.2143,55.8309,15.67876434326172,machine,N,1.0
2025-01-06T14:40:02,codecarbon,772013bb-1e0c-4f6c-989c-f28848dc7d81,5b0fa12a-3dd7-45bb-9766-cc326314d9f1,276.56691499985754,0.000882979854144,3.192644550938209e-06,42.5,0.0,5.879536628723145,0.0032649410267396,0,0.0004514762069879,0.0037164172337275,United Kingdom,GBR,scotland,,,Windows-10-10.0.22631-SP0,3.10.11,2.8.2,20,13th Gen Intel(R) Core(TM) i7-13700H,,,-4.2143,55.8309,15.67876434326172,machine,N,1.0
2025-01-06T14:42:03,codecarbon,772013bb-1e0c-4f6c-989c-f28848dc7d81,5b0fa12a-3dd7-45bb-9766-cc326314d9f1,396.85055600013584,0.001267026549981,3.1927044849110696e-06,42.5,0.0,5.879536628723145,0.0046849482972957,0,0.0006479019187541,0.0053328502160499,United Kingdom,GBR,scotland,,,Windows-10-10.0.22631-SP0,3.10.11,2.8.2,20,13th Gen Intel(R) Core(TM) i7-13700H,,,-4.2143,55.8309,15.67876434326172,machine,N,1.0
2025-01-06T14:44:20,codecarbon,772013bb-1e0c-4f6c-989c-f28848dc7d81,5b0fa12a-3dd7-45bb-9766-cc326314d9f1,534.2230723001994,0.0017056360896626,3.1927413436463887e-06,42.5,0.0,5.879536628723145,0.0063066983893067,0,0.0008722370397856,0.0071789354290924,United Kingdom,GBR,scotland,,,Windows-10-10.0.22631-SP0,3.10.11,2.8.2,20,13th Gen Intel(R) Core(TM) i7-13700H,,,-4.2143,55.8309,15.67876434326172,machine,N,1.0
2025-01-06T14:46:00,codecarbon,772013bb-1e0c-4f6c-989c-f28848dc7d81,5b0fa12a-3dd7-45bb-9766-cc326314d9f1,634.0946852001362,0.0020245098384786,3.1927563591542616e-06,42.5,0.0,5.879536628723145,0.0074857305536146,0,0.0010353282432094,0.0085210587968241,United Kingdom,GBR,scotland,,,Windows-10-10.0.22631-SP0,3.10.11,2.8.2,20,13th Gen Intel(R) Core(TM) i7-13700H,,,-4.2143,55.8309,15.67876434326172,machine,N,1.0
2025-01-06T14:47:54,codecarbon,772013bb-1e0c-4f6c-989c-f28848dc7d81,5b0fa12a-3dd7-45bb-9766-cc326314d9f1,747.9459060998634,0.00238801842587,3.192768897315364e-06,42.5,0.0,5.879536628723145,0.0088298010329897,0,0.0012212468937661,0.0100510479267558,United Kingdom,GBR,scotland,,,Windows-10-10.0.22631-SP0,3.10.11,2.8.2,20,13th Gen Intel(R) Core(TM) i7-13700H,,,-4.2143,55.8309,15.67876434326172,machine,N,1.0
2025-01-06T14:50:02,codecarbon,772013bb-1e0c-4f6c-989c-f28848dc7d81,5b0fa12a-3dd7-45bb-9766-cc326314d9f1,875.7515153000131,0.0027960827539524,3.192780948822631e-06,42.5,0.0,5.879536628723145,0.0103386105813888,0,0.0014299593185326,0.0117685698999214,United Kingdom,GBR,scotland,,,Windows-10-10.0.22631-SP0,3.10.11,2.8.2,20,13th Gen Intel(R) Core(TM) i7-13700H,,,-4.2143,55.8309,15.67876434326172,machine,N,1.0
2025-01-06T14:51:41,codecarbon,772013bb-1e0c-4f6c-989c-f28848dc7d81,5b0fa12a-3dd7-45bb-9766-cc326314d9f1,974.7154581998476,0.0031120524483318,3.19278043879532e-06,42.5,0.0,5.879536628723145,0.0115069062847207,0,0.0015915639657196,0.0130984702504404,United Kingdom,GBR,scotland,,,Windows-10-10.0.22631-SP0,3.10.11,2.8.2,20,13th Gen Intel(R) Core(TM) i7-13700H,,,-4.2143,55.8309,15.67876434326172,machine,N,1.0
2025-01-06T14:53:35,codecarbon,772013bb-1e0c-4f6c-989c-f28848dc7d81,5b0fa12a-3dd7-45bb-9766-cc326314d9f1,1089.6018685000015,0.0034788683941964,3.192788572385298e-06,42.5,0.0,5.879536628723145,0.0128632034214611,0,0.0017791764622728,0.0146423798837339,United Kingdom,GBR,scotland,,,Windows-10-10.0.22631-SP0,3.10.11,2.8.2,20,13th Gen Intel(R) Core(TM) i7-13700H,,,-4.2143,55.8309,15.67876434326172,machine,N,1.0
2025-01-06T14:55:44,codecarbon,772013bb-1e0c-4f6c-989c-f28848dc7d81,5b0fa12a-3dd7-45bb-9766-cc326314d9f1,1217.7553862002678,0.0038880396687419,3.1927920112705814e-06,42.5,0.0,5.879536628723145,0.0143761182644478,0,0.001988442673735,0.0163645609381829,United Kingdom,GBR,scotland,,,Windows-10-10.0.22631-SP0,3.10.11,2.8.2,20,13th Gen Intel(R) Core(TM) i7-13700H,,,-4.2143,55.8309,15.67876434326172,machine,N,1.0
2025-01-06T15:05:28,codecarbon,772013bb-1e0c-4f6c-989c-f28848dc7d81,5b0fa12a-3dd7-45bb-9766-cc326314d9f1,1801.963561700192,0.0057533164047276,3.1928039650808684e-06,42.5,0.0,5.879536628723145,0.0212729287877827,0,0.0029424869289701,0.0242154157167529,United Kingdom,GBR,scotland,,,Windows-10-10.0.22631-SP0,3.10.11,2.8.2,20,13th Gen Intel(R) Core(TM) i7-13700H,,,-4.2143,55.8309,15.67876434326172,machine,N,1.0
2025-01-06T15:17:22,codecarbon,772013bb-1e0c-4f6c-989c-f28848dc7d81,5b0fa12a-3dd7-45bb-9766-cc326314d9f1,2515.851685700007,0.0080326831519585,3.1928285747589867e-06,42.5,0.0,5.879536628723145,0.0297007650922941,0,0.0041083891697236,0.0338091542620178,United Kingdom,GBR,scotland,,,Windows-10-10.0.22631-SP0,3.10.11,2.8.2,20,13th Gen Intel(R) Core(TM) i7-13700H,,,-4.2143,55.8309,15.67876434326172,machine,N,1.0
2025-01-06T15:22:10,codecarbon,772013bb-1e0c-4f6c-989c-f28848dc7d81,5b0fa12a-3dd7-45bb-9766-cc326314d9f1,2803.842198099941,0.0089522019046141,3.192833716063177e-06,42.5,0.0,5.879536628723145,0.0331006469600032,0,0.00457871489856,0.0376793618585632,United Kingdom,GBR,scotland,,,Windows-10-10.0.22631-SP0,3.10.11,2.8.2,20,13th Gen Intel(R) Core(TM) i7-13700H,,,-4.2143,55.8309,15.67876434326172,machine,N,1.0
2025-01-06T15:25:25,codecarbon,772013bb-1e0c-4f6c-989c-f28848dc7d81,5b0fa12a-3dd7-45bb-9766-cc326314d9f1,2999.4144351999275,0.0095766378665194,3.192835826263893e-06,42.5,0.0,5.879536628723145,0.0354094779628477,0,0.0048981030552945,0.0403075810181422,United Kingdom,GBR,scotland,,,Windows-10-10.0.22631-SP0,3.10.11,2.8.2,20,13th Gen Intel(R) Core(TM) i7-13700H,,,-4.2143,55.8309,15.67876434326172,machine,N,1.0
2025-01-06T15:29:24,codecarbon,772013bb-1e0c-4f6c-989c-f28848dc7d81,5b0fa12a-3dd7-45bb-9766-cc326314d9f1,3237.822558199987,0.0103378448632352,3.192838606011316e-06,42.5,0.0,5.879536628723145,0.0382240123372942,0,0.0052874501598552,0.0435114624971494,United Kingdom,GBR,scotland,,,Windows-10-10.0.22631-SP0,3.10.11,2.8.2,20,13th Gen Intel(R) Core(TM) i7-13700H,,,-4.2143,55.8309,15.67876434326172,machine,N,1.0
2025-01-06T15:34:10,codecarbon,772013bb-1e0c-4f6c-989c-f28848dc7d81,5b0fa12a-3dd7-45bb-9766-cc326314d9f1,3523.9992991001345,0.011251565578176,3.192839902394176e-06,42.5,0.0,5.879536628723145,0.0416024560279921,0,0.0057548104202694,0.0473572664482615,United Kingdom,GBR,scotland,,,Windows-10-10.0.22631-SP0,3.10.11,2.8.2,20,13th Gen Intel(R) Core(TM) i7-13700H,,,-4.2143,55.8309,15.67876434326172,machine,N,1.0
2025-01-06T15:37:22,codecarbon,772013bb-1e0c-4f6c-989c-f28848dc7d81,5b0fa12a-3dd7-45bb-9766-cc326314d9f1,3716.600775100291,0.0118665233021472,3.1928431435649893e-06,42.5,0.0,5.879536628723145,0.0438762424174343,0,0.0060693497696925,0.0499455921871268,United Kingdom,GBR,scotland,,,Windows-10-10.0.22631-SP0,3.10.11,2.8.2,20,13th Gen Intel(R) Core(TM) i7-13700H,,,-4.2143,55.8309,15.67876434326172,machine,N,1.0
2025-01-06T15:41:13,codecarbon,772013bb-1e0c-4f6c-989c-f28848dc7d81,5b0fa12a-3dd7-45bb-9766-cc326314d9f1,3947.569981799927,0.0126039716340578,3.19284311416083e-06,42.5,0.0,5.879536628723145,0.0466029518334098,0,0.006446522822647,0.0530494746560568,United Kingdom,GBR,scotland,,,Windows-10-10.0.22631-SP0,3.10.11,2.8.2,20,13th Gen Intel(R) Core(TM) i7-13700H,,,-4.2143,55.8309,15.67876434326172,machine,N,1.0
2025-01-06T15:50:18,codecarbon,772013bb-1e0c-4f6c-989c-f28848dc7d81,5b0fa12a-3dd7-45bb-9766-cc326314d9f1,4491.666795399971,0.0143412127443733,3.1928487569604485e-06,42.5,0.0,5.879536628723145,0.0530263088540352,0,0.0073351251533191,0.0603614340073543,United Kingdom,GBR,scotland,,,Windows-10-10.0.22631-SP0,3.10.11,2.8.2,20,13th Gen Intel(R) Core(TM) i7-13700H,,,-4.2143,55.8309,15.67876434326172,machine,N,1.0
2025-01-06T16:06:48,codecarbon,ec410ee9-c17d-49a8-8232-9841874757ed,5b0fa12a-3dd7-45bb-9766-cc326314d9f1,8.672249200288206,2.768295657195208e-05,3.192131122227448e-06,42.5,0.0,5.879536628723145,0.0001023742514578,0,1.4141902791527035e-05,0.0001165161542493,United Kingdom,GBR,scotland,,,Windows-10-10.0.22631-SP0,3.10.11,2.8.2,20,13th Gen Intel(R) Core(TM) i7-13700H,,,-4.2143,55.8309,15.67876434326172,machine,N,1.0
2025-01-06T16:08:28,codecarbon,ec410ee9-c17d-49a8-8232-9841874757ed,5b0fa12a-3dd7-45bb-9766-cc326314d9f1,108.03164810035378,0.0003449209896665,3.1927772623269577e-06,42.5,0.0,5.879536628723145,0.0012753577531945,0,0.0001763971246259,0.0014517548778205,United Kingdom,GBR,scotland,,,Windows-10-10.0.22631-SP0,3.10.11,2.8.2,20,13th Gen Intel(R) Core(TM) i7-13700H,,,-4.2143,55.8309,15.67876434326172,machine,N,1.0
2025-01-06T16:08:42,codecarbon,ec410ee9-c17d-49a8-8232-9841874757ed,5b0fa12a-3dd7-45bb-9766-cc326314d9f1,122.6464223000221,0.0003915760155691,3.1927226919937566e-06,42.5,0.0,5.879536628723145,0.0014478788472893,0,0.0002002446582986,0.0016481235055879,United Kingdom,GBR,scotland,,,Windows-10-10.0.22631-SP0,3.10.11,2.8.2,20,13th Gen Intel(R) Core(TM) i7-13700H,,,-4.2143,55.8309,15.67876434326172,machine,N,1.0
2025-01-06T16:08:56,codecarbon,ec410ee9-c17d-49a8-8232-9841874757ed,5b0fa12a-3dd7-45bb-9766-cc326314d9f1,136.50833700038493,0.0004358289115021,3.1926907988113684e-06,42.5,0.0,5.879536628723145,0.0016115192913149,0,0.0002228623993448,0.0018343816906597,United Kingdom,GBR,scotland,,,Windows-10-10.0.22631-SP0,3.10.11,2.8.2,20,13th Gen Intel(R) Core(TM) i7-13700H,,,-4.2143,55.8309,15.67876434326172,machine,N,1.0
2025-01-06T16:09:11,codecarbon,ec410ee9-c17d-49a8-8232-9841874757ed,5b0fa12a-3dd7-45bb-9766-cc326314d9f1,151.6548470002599,0.0004841836158713,3.192668255901774e-06,42.5,0.0,5.879536628723145,0.0017903239891595,0,0.0002475801893645,0.0020379041785241,United Kingdom,GBR,scotland,,,Windows-10-10.0.22631-SP0,3.10.11,2.8.2,20,13th Gen Intel(R) Core(TM) i7-13700H,,,-4.2143,55.8309,15.67876434326172,machine,N,1.0
2025-01-06T16:09:25,codecarbon,ec410ee9-c17d-49a8-8232-9841874757ed,5b0fa12a-3dd7-45bb-9766-cc326314d9f1,165.2753125000745,0.0005276658129337,3.192647497995256e-06,42.5,0.0,5.879536628723145,0.0019511132463104,0,0.0002698052849925,0.0022209185313029,United Kingdom,GBR,scotland,,,Windows-10-10.0.22631-SP0,3.10.11,2.8.2,20,13th Gen Intel(R) Core(TM) i7-13700H,,,-4.2143,55.8309,15.67876434326172,machine,N,1.0
2025-01-06T16:09:38,codecarbon,ec410ee9-c17d-49a8-8232-9841874757ed,5b0fa12a-3dd7-45bb-9766-cc326314d9f1,178.45013649994507,0.0005697256034682,3.192631928686646e-06,42.5,0.0,5.879536628723145,0.0021066427164494,0,0.0002913033310031,0.0023979460474525,United Kingdom,GBR,scotland,,,Windows-10-10.0.22631-SP0,3.10.11,2.8.2,20,13th Gen Intel(R) Core(TM) i7-13700H,,,-4.2143,55.8309,15.67876434326172,machine,N,1.0
2025-01-06T16:09:53,codecarbon,ec410ee9-c17d-49a8-8232-9841874757ed,5b0fa12a-3dd7-45bb-9766-cc326314d9f1,192.96604840038344,0.0006160582558356,3.192573309877753e-06,42.5,0.0,5.879536628723145,0.0022779735142277,0,0.0003149843072018,0.0025929578214296,United Kingdom,GBR,scotland,,,Windows-10-10.0.22631-SP0,3.10.11,2.8.2,20,13th Gen Intel(R) Core(TM) i7-13700H,,,-4.2143,55.8309,15.67876434326172,machine,N,1.0
2025-01-06T16:10:06,codecarbon,ec410ee9-c17d-49a8-8232-9841874757ed,5b0fa12a-3dd7-45bb-9766-cc326314d9f1,206.3134224000387,0.0006586760724339,3.192599224866853e-06,42.5,0.0,5.879536628723145,0.002435567194019,0,0.0003367668468414,0.0027723340408604,United Kingdom,GBR,scotland,,,Windows-10-10.0.22631-SP0,3.10.11,2.8.2,20,13th Gen Intel(R) Core(TM) i7-13700H,,,-4.2143,55.8309,15.67876434326172,machine,N,1.0
2025-01-06T16:11:38,codecarbon,ec410ee9-c17d-49a8-8232-9841874757ed,5b0fa12a-3dd7-45bb-9766-cc326314d9f1,297.9441631999798,0.0009512374041248,3.1926700422935976e-06,42.5,0.0,5.879536628723145,0.0035173110145735,0,0.0004863987704956,0.0040037097850692,United Kingdom,GBR,scotland,,,Windows-10-10.0.22631-SP0,3.10.11,2.8.2,20,13th Gen Intel(R) Core(TM) i7-13700H,,,-4.2143,55.8309,15.67876434326172,machine,N,1.0
2025-01-06T16:13:28,codecarbon,ec410ee9-c17d-49a8-8232-9841874757ed,5b0fa12a-3dd7-45bb-9766-cc326314d9f1,408.2393170003779,0.0013033921544544,3.192715890354314e-06,42.5,0.0,5.879536628723145,0.0048194002005459,0,0.0006665109925417,0.0054859111930876,United Kingdom,GBR,scotland,,,Windows-10-10.0.22631-SP0,3.10.11,2.8.2,20,13th Gen Intel(R) Core(TM) i7-13700H,,,-4.2143,55.8309,15.67876434326172,machine,N,1.0
2025-01-06T16:15:12,codecarbon,ec410ee9-c17d-49a8-8232-9841874757ed,5b0fa12a-3dd7-45bb-9766-cc326314d9f1,512.0802914001979,0.001634939466464,3.1927404626207417e-06,42.5,0.0,5.879536628723145,0.0060452916524208,0,0.0008360852903839,0.0068813769428047,United Kingdom,GBR,scotland,,,Windows-10-10.0.22631-SP0,3.10.11,2.8.2,20,13th Gen Intel(R) Core(TM) i7-13700H,,,-4.2143,55.8309,15.67876434326172,machine,N,1.0
2025-01-06T16:16:41,codecarbon,ec410ee9-c17d-49a8-8232-9841874757ed,5b0fa12a-3dd7-45bb-9766-cc326314d9f1,601.0113061000593,0.0019188804835303,3.192752722044244e-06,42.5,0.0,5.879536628723145,0.0070951622945718,0,0.0009813079272411,0.008076470221813,United Kingdom,GBR,scotland,,,Windows-10-10.0.22631-SP0,3.10.11,2.8.2,20,13th Gen Intel(R) Core(TM) i7-13700H,,,-4.2143,55.8309,15.67876434326172,machine,N,1.0
2025-01-06T16:18:25,codecarbon,ec410ee9-c17d-49a8-8232-9841874757ed,5b0fa12a-3dd7-45bb-9766-cc326314d9f1,705.1582216001116,0.0022514046399846,3.192765213565683e-06,42.5,0.0,5.879536628723145,0.008324666863879,0,0.0011513805961661,0.0094760474600451,United Kingdom,GBR,scotland,,,Windows-10-10.0.22631-SP0,3.10.11,2.8.2,20,13th Gen Intel(R) Core(TM) i7-13700H,,,-4.2143,55.8309,15.67876434326172,machine,N,1.0
2025-01-06T16:19:58,codecarbon,ec410ee9-c17d-49a8-8232-9841874757ed,5b0fa12a-3dd7-45bb-9766-cc326314d9f1,798.5458872001618,0.0025495754842235,3.192772669787102e-06,42.5,0.0,5.879536628723145,0.0094271513656108,0,0.0013038819912515,0.0107310333568623,United Kingdom,GBR,scotland,,,Windows-10-10.0.22631-SP0,3.10.11,2.8.2,20,13th Gen Intel(R) Core(TM) i7-13700H,,,-4.2143,55.8309,15.67876434326172,machine,N,1.0
2025-01-06T16:21:26,codecarbon,ec410ee9-c17d-49a8-8232-9841874757ed,5b0fa12a-3dd7-45bb-9766-cc326314d9f1,885.9548562001437,0.002828650527419,3.192770497981309e-06,42.5,0.0,5.879536628723145,0.0104590302797089,0,0.0014466157199757,0.0119056459996847,United Kingdom,GBR,scotland,,,Windows-10-10.0.22631-SP0,3.10.11,2.8.2,20,13th Gen Intel(R) Core(TM) i7-13700H,,,-4.2143,55.8309,15.67876434326172,machine,N,1.0
2025-01-06T16:23:07,codecarbon,ec410ee9-c17d-49a8-8232-9841874757ed,5b0fa12a-3dd7-45bb-9766-cc326314d9f1,987.5751678002998,0.0031531150640141,3.1927848804028742e-06,42.5,0.0,5.879536628723145,0.0116587333543627,0,0.0016125673540628,0.0132713007084255,United Kingdom,GBR,scotland,,,Windows-10-10.0.22631-SP0,3.10.11,2.8.2,20,13th Gen Intel(R) Core(TM) i7-13700H,,,-4.2143,55.8309,15.67876434326172,machine,N,1.0
2025-01-06T16:24:39,codecarbon,ec410ee9-c17d-49a8-8232-9841874757ed,5b0fa12a-3dd7-45bb-9766-cc326314d9f1,1079.9164365003817,0.0034479452956128,3.192788977993904e-06,42.5,0.0,5.879536628723145,0.012748865657281,0,0.001763360479505,0.014512226136786,United Kingdom,GBR,scotland,,,Windows-10-10.0.22631-SP0,3.10.11,2.8.2,20,13th Gen Intel(R) Core(TM) i7-13700H,,,-4.2143,55.8309,15.67876434326172,machine,N,1.0
2025-01-06T16:27:44,codecarbon,ec410ee9-c17d-49a8-8232-9841874757ed,5b0fa12a-3dd7-45bb-9766-cc326314d9f1,1264.6783229000866,0.0040378651468841,3.192800156188964e-06,42.5,0.0,5.879536628723145,0.0149300731114506,0,0.0020650956332479,0.0169951687446985,United Kingdom,GBR,scotland,,,Windows-10-10.0.22631-SP0,3.10.11,2.8.2,20,13th Gen Intel(R) Core(TM) i7-13700H,,,-4.2143,55.8309,15.67876434326172,machine,N,1.0
2025-01-06T16:32:41,codecarbon,ec410ee9-c17d-49a8-8232-9841874757ed,5b0fa12a-3dd7-45bb-9766-cc326314d9f1,1561.0959577001631,0.0049842904502631,3.1928149103698585e-06,42.5,0.0,5.879536628723145,0.0184294402175586,0,0.0025491844252623,0.0209786246428209,United Kingdom,GBR,scotland,,,Windows-10-10.0.22631-SP0,3.10.11,2.8.2,20,13th Gen Intel(R) Core(TM) i7-13700H,,,-4.2143,55.8309,15.67876434326172,machine,N,1.0
2025-01-06T16:54:09,codecarbon,ec410ee9-c17d-49a8-8232-9841874757ed,5b0fa12a-3dd7-45bb-9766-cc326314d9f1,2849.641647899989,0.0090984803539927,3.192850708333012e-06,42.5,0.0,5.879536628723145,0.0336414228970045,0,0.0046536175046669,0.0382950404016715,United Kingdom,GBR,scotland,,,Windows-10-10.0.22631-SP0,3.10.11,2.8.2,20,13th Gen Intel(R) Core(TM) i7-13700H,,,-4.2143,55.8309,15.67876434326172,machine,N,1.0
2025-01-06T17:03:54,codecarbon,ec410ee9-c17d-49a8-8232-9841874757ed,5b0fa12a-3dd7-45bb-9766-cc326314d9f1,3434.103338700253,0.010964582496672,3.1928516457579604e-06,42.5,0.0,5.879536628723145,0.0405412781179769,0,0.0056080911569979,0.0461493692749749,United Kingdom,GBR,scotland,,,Windows-10-10.0.22631-SP0,3.10.11,2.8.2,20,13th Gen Intel(R) Core(TM) i7-13700H,,,-4.2143,55.8309,15.67876434326172,machine,N,1.0
2025-01-06T18:42:35,codecarbon,d980a460-68b4-4155-8496-d33718cb4ae7,5b0fa12a-3dd7-45bb-9766-cc326314d9f1,8.06813809974119,2.575293968288492e-05,3.191930946708884e-06,42.5,0.0,5.879536628723145,9.523880131956604e-05,0,1.315401014428504e-05,0.0001083928114638,United Kingdom,GBR,scotland,,,Windows-10-10.0.22631-SP0,3.10.11,2.8.2,20,13th Gen Intel(R) Core(TM) i7-13700H,,,-4.2143,55.8309,15.67876434326172,machine,N,1.0
2025-01-06T18:42:48,codecarbon,d980a460-68b4-4155-8496-d33718cb4ae7,5b0fa12a-3dd7-45bb-9766-cc326314d9f1,21.061465799808506,6.723129536879821e-05,3.192147023756034e-06,42.5,0.0,5.879536628723145,0.0002486213709754,0,3.435172697432893e-05,0.0002829730979498,United Kingdom,GBR,scotland,,,Windows-10-10.0.22631-SP0,3.10.11,2.8.2,20,13th Gen Intel(R) Core(TM) i7-13700H,,,-4.2143,55.8309,15.67876434326172,machine,N,1.0
2025-01-06T18:43:02,codecarbon,d980a460-68b4-4155-8496-d33718cb4ae7,5b0fa12a-3dd7-45bb-9766-cc326314d9f1,34.72661819960922,0.0001108557277932,3.192240809516666e-06,42.5,0.0,5.879536628723145,0.0004099372963915,0,5.664881573186187e-05,0.0004665861121234,United Kingdom,GBR,scotland,,,Windows-10-10.0.22631-SP0,3.10.11,2.8.2,20,13th Gen Intel(R) Core(TM) i7-13700H,,,-4.2143,55.8309,15.67876434326172,machine,N,1.0
2025-01-06T18:43:12,codecarbon,d980a460-68b4-4155-8496-d33718cb4ae7,5b0fa12a-3dd7-45bb-9766-cc326314d9f1,45.5940792998299,0.0001455478601877,3.192253521134327e-06,42.5,0.0,5.879536628723145,0.0005382249972938,0,7.437853312113393e-05,0.0006126035304149,United Kingdom,GBR,scotland,,,Windows-10-10.0.22631-SP0,3.10.11,2.8.2,20,13th Gen Intel(R) Core(TM) i7-13700H,,,-4.2143,55.8309,15.67876434326172,machine,N,1.0
2025-01-06T18:43:26,codecarbon,d980a460-68b4-4155-8496-d33718cb4ae7,5b0fa12a-3dd7-45bb-9766-cc326314d9f1,58.82143009966239,0.0001877747496611,3.1922846714714656e-06,42.5,0.0,5.879536628723145,0.0006943712604846,0,9.596309700320244e-05,0.0007903343574878,United Kingdom,GBR,scotland,,,Windows-10-10.0.22631-SP0,3.10.11,2.8.2,20,13th Gen Intel(R) Core(TM) i7-13700H,,,-4.2143,55.8309,15.67876434326172,machine,N,1.0
2025-01-06T18:43:39,codecarbon,d980a460-68b4-4155-8496-d33718cb4ae7,5b0fa12a-3dd7-45bb-9766-cc326314d9f1,71.79032319970429,0.0002291755806992,3.19229069441143e-06,42.5,0.0,5.879536628723145,0.0008474664073621,0,0.0001171219393171,0.0009645883466793,United Kingdom,GBR,scotland,,,Windows-10-10.0.22631-SP0,3.10.11,2.8.2,20,13th Gen Intel(R) Core(TM) i7-13700H,,,-4.2143,55.8309,15.67876434326172,machine,N,1.0
2025-01-06T18:43:49,codecarbon,d980a460-68b4-4155-8496-d33718cb4ae7,5b0fa12a-3dd7-45bb-9766-cc326314d9f1,82.60280409967527,0.000263691001078,3.1922766297364788e-06,42.5,0.0,5.879536628723145,0.00097510196701,0,0.0001347600260876,0.0011098619930977,United Kingdom,GBR,scotland,,,Windows-10-10.0.22631-SP0,3.10.11,2.8.2,20,13th Gen Intel(R) Core(TM) i7-13700H,,,-4.2143,55.8309,15.67876434326172,machine,N,1.0
2025-01-06T18:44:01,codecarbon,d980a460-68b4-4155-8496-d33718cb4ae7,5b0fa12a-3dd7-45bb-9766-cc326314d9f1,94.44734309986234,0.0003014959958234,3.192212569756356e-06,42.5,0.0,5.879536628723145,0.0011149013784678,0,0.0001540799120105,0.0012689812904783,United Kingdom,GBR,scotland,,,Windows-10-10.0.22631-SP0,3.10.11,2.8.2,20,13th Gen Intel(R) Core(TM) i7-13700H,,,-4.2143,55.8309,15.67876434326172,machine,N,1.0
2025-01-06T18:44:12,codecarbon,d980a460-68b4-4155-8496-d33718cb4ae7,5b0fa12a-3dd7-45bb-9766-cc326314d9f1,105.6814321996644,0.0003373630346541,3.192264030040775e-06,42.5,0.0,5.879536628723145,0.0012475396756939,0,0.0001724041544251,0.0014199438301191,United Kingdom,GBR,scotland,,,Windows-10-10.0.22631-SP0,3.10.11,2.8.2,20,13th Gen Intel(R) Core(TM) i7-13700H,,,-4.2143,55.8309,15.67876434326172,machine,N,1.0
2025-01-06T18:45:30,codecarbon,d980a460-68b4-4155-8496-d33718cb4ae7,5b0fa12a-3dd7-45bb-9766-cc326314d9f1,183.64330309955403,0.0005862807347502,3.192497220726135e-06,42.5,0.0,5.879536628723145,0.0021679155614531,0,0.0002997101903716,0.0024676257518247,United Kingdom,GBR,scotland,,,Windows-10-10.0.22631-SP0,3.10.11,2.8.2,20,13th Gen Intel(R) Core(TM) i7-13700H,,,-4.2143,55.8309,15.67876434326172,machine,N,1.0
2025-01-06T18:47:10,codecarbon,d980a460-68b4-4155-8496-d33718cb4ae7,5b0fa12a-3dd7-45bb-9766-cc326314d9f1,282.838397399988,0.0009029946114924,3.1926167726635262e-06,42.5,0.0,5.879536628723145,0.0033389617136776,0,0.0004616966143277,0.0038006583280053,United Kingdom,GBR,scotland,,,Windows-10-10.0.22631-SP0,3.10.11,2.8.2,20,13th Gen Intel(R) Core(TM) i7-13700H,,,-4.2143,55.8309,15.67876434326172,machine,N,1.0
2025-01-06T18:48:36,codecarbon,d980a460-68b4-4155-8496-d33718cb4ae7,5b0fa12a-3dd7-45bb-9766-cc326314d9f1,369.31865589972585,0.0011791106050574,3.192664616914378e-06,42.5,0.0,5.879536628723145,0.0043598998515928,0,0.0006029166300516,0.0049628164816444,United Kingdom,GBR,scotland,,,Windows-10-10.0.22631-SP0,3.10.11,2.8.2,20,13th Gen Intel(R) Core(TM) i7-13700H,,,-4.2143,55.8309,15.67876434326172,machine,N,1.0
2025-01-06T18:49:52,codecarbon,d980a460-68b4-4155-8496-d33718cb4ae7,5b0fa12a-3dd7-45bb-9766-cc326314d9f1,444.91353679960594,0.0014204709237516,3.192689829061082e-06,42.5,0.0,5.879536628723145,0.0052523304042344,0,0.0007263593657114,0.0059786897699459,United Kingdom,GBR,scotland,,,Windows-10-10.0.22631-SP0,3.10.11,2.8.2,20,13th Gen Intel(R) Core(TM) i7-13700H,,,-4.2143,55.8309,15.67876434326172,machine,N,1.0
2025-01-06T18:51:20,codecarbon,d980a460-68b4-4155-8496-d33718cb4ae7,5b0fa12a-3dd7-45bb-9766-cc326314d9f1,532.9428697996773,0.0017015332813719,3.192712348345142e-06,42.5,0.0,5.879536628723145,0.0062915558577049,0,0.0008701110602581,0.007161666917963,United Kingdom,GBR,scotland,,,Windows-10-10.0.22631-SP0,3.10.11,2.8.2,20,13th Gen Intel(R) Core(TM) i7-13700H,,,-4.2143,55.8309,15.67876434326172,machine,N,1.0
2025-01-06T18:52:35,codecarbon,d980a460-68b4-4155-8496-d33718cb4ae7,5b0fa12a-3dd7-45bb-9766-cc326314d9f1,607.8972191996872,0.0019408488096043,3.192725263917987e-06,42.5,0.0,5.879536628723145,0.0071764257477085,0,0.0009925080396483,0.0081689337873568,United Kingdom,GBR,scotland,,,Windows-10-10.0.22631-SP0,3.10.11,2.8.2,20,13th Gen Intel(R) Core(TM) i7-13700H,,,-4.2143,55.8309,15.67876434326172,machine,N,1.0
2025-01-06T18:53:48,codecarbon,d980a460-68b4-4155-8496-d33718cb4ae7,5b0fa12a-3dd7-45bb-9766-cc326314d9f1,680.8968122997321,0.0021739160822331,3.1927247168198184e-06,42.5,0.0,5.879536628723145,0.0080381930036832,0,0.0011117090634712,0.0091499020671545,United Kingdom,GBR,scotland,,,Windows-10-10.0.22631-SP0,3.10.11,2.8.2,20,13th Gen Intel(R) Core(TM) i7-13700H,,,-4.2143,55.8309,15.67876434326172,machine,N,1.0
2025-01-06T18:55:13,codecarbon,d980a460-68b4-4155-8496-d33718cb4ae7,5b0fa12a-3dd7-45bb-9766-cc326314d9f1,766.3139798999764,0.0024466431945937,3.1927424773238103e-06,42.5,0.0,5.879536628723145,0.0090466011558335,0,0.0012511954365748,0.0102977965924084,United Kingdom,GBR,scotland,,,Windows-10-10.0.22631-SP0,3.10.11,2.8.2,20,13th Gen Intel(R) Core(TM) i7-13700H,,,-4.2143,55.8309,15.67876434326172,machine,N,1.0
2025-01-06T18:56:31,codecarbon,d980a460-68b4-4155-8496-d33718cb4ae7,5b0fa12a-3dd7-45bb-9766-cc326314d9f1,844.1744852997363,0.0026952364578372,3.1927480689969843e-06,42.5,0.0,5.879536628723145,0.0099657748086775,0,0.0013783381672483,0.0113441129759258,United Kingdom,GBR,scotland,,,Windows-10-10.0.22631-SP0,3.10.11,2.8.2,20,13th Gen Intel(R) Core(TM) i7-13700H,,,-4.2143,55.8309,15.67876434326172,machine,N,1.0
2025-01-06T18:59:05,codecarbon,d980a460-68b4-4155-8496-d33718cb4ae7,5b0fa12a-3dd7-45bb-9766-cc326314d9f1,998.5303899999708,0.0031880727675696,3.192764886774996e-06,42.5,0.0,5.879536628723145,0.0117880241969396,0,0.0016304117052681,0.0134184359022078,United Kingdom,GBR,scotland,,,Windows-10-10.0.22631-SP0,3.10.11,2.8.2,20,13th Gen Intel(R) Core(TM) i7-13700H,,,-4.2143,55.8309,15.67876434326172,machine,N,1.0
2025-01-06T19:02:05,codecarbon,d980a460-68b4-4155-8496-d33718cb4ae7,5b0fa12a-3dd7-45bb-9766-cc326314d9f1,1177.770331799984,0.0037603585340973,3.192777430851417e-06,42.5,0.0,5.879536628723145,0.0139040364055503,0,0.001923121140032,0.0158271575455823,United Kingdom,GBR,scotland,,,Windows-10-10.0.22631-SP0,3.10.11,2.8.2,20,13th Gen Intel(R) Core(TM) i7-13700H,,,-4.2143,55.8309,15.67876434326172,machine,N,1.0
2025-01-06T19:04:51,codecarbon,d980a460-68b4-4155-8496-d33718cb4ae7,5b0fa12a-3dd7-45bb-9766-cc326314d9f1,1344.1846836996265,0.0042916958289803,3.192787331252861e-06,42.5,0.0,5.879536628723145,0.0158686408518706,0,0.002194888305541,0.0180635291574117,United Kingdom,GBR,scotland,,,Windows-10-10.0.22631-SP0,3.10.11,2.8.2,20,13th Gen Intel(R) Core(TM) i7-13700H,,,-4.2143,55.8309,15.67876434326172,machine,N,1.0
2025-01-06T19:07:16,codecarbon,d980a460-68b4-4155-8496-d33718cb4ae7,5b0fa12a-3dd7-45bb-9766-cc326314d9f1,1488.7289571999572,0.0047532052541734,3.192794249877038e-06,42.5,0.0,5.879536628723145,0.0175750583849262,0,0.0024309404372981,0.0200059988222243,United Kingdom,GBR,scotland,,,Windows-10-10.0.22631-SP0,3.10.11,2.8.2,20,13th Gen Intel(R) Core(TM) i7-13700H,,,-4.2143,55.8309,15.67876434326172,machine,N,1.0
2025-01-06T19:10:04,codecarbon,d980a460-68b4-4155-8496-d33718cb4ae7,5b0fa12a-3dd7-45bb-9766-cc326314d9f1,1657.5671955998987,0.0052922832692232,3.1928016452496978e-06,42.5,0.0,5.879536628723145,0.0195682813301342,0,0.0027066694008477,0.022274950730982,United Kingdom,GBR,scotland,,,Windows-10-10.0.22631-SP0,3.10.11,2.8.2,20,13th Gen Intel(R) Core(TM) i7-13700H,,,-4.2143,55.8309,15.67876434326172,machine,N,1.0
2025-01-06T19:12:33,codecarbon,d980a460-68b4-4155-8496-d33718cb4ae7,5b0fa12a-3dd7-45bb-9766-cc326314d9f1,1806.709753499832,0.0057684682356512,3.1928029527028343e-06,42.5,0.0,5.879536628723145,0.0213289599743697,0,0.0029502290270203,0.0242791890013901,United Kingdom,GBR,scotland,,,Windows-10-10.0.22631-SP0,3.10.11,2.8.2,20,13th Gen Intel(R) Core(TM) i7-13700H,,,-4.2143,55.8309,15.67876434326172,machine,N,1.0
2025-01-06T19:14:55,codecarbon,d980a460-68b4-4155-8496-d33718cb4ae7,5b0fa12a-3dd7-45bb-9766-cc326314d9f1,1948.4726203000173,0.0062211033322199,3.1928102388537e-06,42.5,0.0,5.879536628723145,0.0230025649833948,0,0.0031817420856192,0.0261843070690141,United Kingdom,GBR,scotland,,,Windows-10-10.0.22631-SP0,3.10.11,2.8.2,20,13th Gen Intel(R) Core(TM) i7-13700H,,,-4.2143,55.8309,15.67876434326172,machine,N,1.0
2025-01-06T19:17:44,codecarbon,d980a460-68b4-4155-8496-d33718cb4ae7,5b0fa12a-3dd7-45bb-9766-cc326314d9f1,2116.979945499916,0.0067591240956478,3.192814419435471e-06,42.5,0.0,5.879536628723145,0.0249918800559622,0,0.0034569290035811,0.0284488090595433,United Kingdom,GBR,scotland,,,Windows-10-10.0.22631-SP0,3.10.11,2.8.2,20,13th Gen Intel(R) Core(TM) i7-13700H,,,-4.2143,55.8309,15.67876434326172,machine,N,1.0
2025-01-06T19:20:17,codecarbon,d980a460-68b4-4155-8496-d33718cb4ae7,5b0fa12a-3dd7-45bb-9766-cc326314d9f1,2269.8032029997557,0.007247066190032546,3.1928169721740084e-06,42.5,0.0,5.879536628723145,0.026796031979709124,0,0.0037065005029922908,0.030502532482701412,United Kingdom,GBR,scotland,,,Windows-10-10.0.22631-SP0,3.10.11,2.8.2,20,13th Gen Intel(R) Core(TM) i7-13700H,,,-4.2143,55.8309,15.678764343261719,machine,N,1.0
